{
  "short_interactions": {
    "count": 132,
    "last_observed": 1780466397.8870752
  },
  "long_interactions": {
    "count": 75,
    "last_observed": 1780466434.627593
  },
  "technical_queries": {
    "count": 12,
    "last_observed": 1780315464.95683
  },
  "casual_queries": {
    "count": 195,
    "last_observed": 1780466434.627593
  },
  "morning_usage": {
    "count": 83,
    "last_observed": 1780466434.627593
  },
  "evening_usage": {
    "count": 74,
    "last_observed": 1780324495.295865
  },
  "late_night_usage": {
    "count": 7,
    "last_observed": 1780160104.257025
  },
  "topics": {
    "casual_chat": {
      "count": 8,
      "last_observed": 1780144543.205455
    },
    "programming": {
      "count": 12,
      "last_observed": 1780315464.95683
    }
  }
}