{
  "short_interactions": {
    "count": 129,
    "last_observed": 1780314899.900646
  },
  "long_interactions": {
    "count": 70,
    "last_observed": 1780315039.510106
  },
  "technical_queries": {
    "count": 11,
    "last_observed": 1780315039.510106
  },
  "casual_queries": {
    "count": 188,
    "last_observed": 1780314899.900646
  },
  "morning_usage": {
    "count": 79,
    "last_observed": 1780128820.5098948
  },
  "evening_usage": {
    "count": 70,
    "last_observed": 1780315039.510106
  },
  "late_night_usage": {
    "count": 7,
    "last_observed": 1780160104.257025
  },
  "topics": {
    "casual_chat": {
      "count": 8,
      "last_observed": 1780144543.205455
    },
    "programming": {
      "count": 11,
      "last_observed": 1780315039.510106
    }
  }
}