{
  "short_interactions": {
    "count": 145,
    "last_observed": 1780549877.351539
  },
  "long_interactions": {
    "count": 86,
    "last_observed": 1780549963.863231
  },
  "technical_queries": {
    "count": 12,
    "last_observed": 1780315464.95683
  },
  "casual_queries": {
    "count": 219,
    "last_observed": 1780549963.863231
  },
  "morning_usage": {
    "count": 89,
    "last_observed": 1780549963.863231
  },
  "evening_usage": {
    "count": 86,
    "last_observed": 1780494427.590415
  },
  "late_night_usage": {
    "count": 7,
    "last_observed": 1780160104.257025
  },
  "topics": {
    "casual_chat": {
      "count": 8,
      "last_observed": 1780144543.205455
    },
    "programming": {
      "count": 12,
      "last_observed": 1780315464.95683
    }
  }
}